ŹoČ”ÔŤ†,Ž–Ľ,4ŚŽŹWŚvŚ‡Č,4ŚŽŹWŚvŚ‡‰Ű,4ŚŽŹWŚv’xŤŹ,4ŚŽ”NŠÔ—ÝŚvŚ‡Č,4ŚŽ”NŠÔ—ÝŚvŚ‡‰Ű,4ŚŽ”NŠÔ—ÝŚv’xŤŹ,4ŚŽ”NŠÔ—ÝŚvŚ‡ČŠ·ŽZ,5ŚŽŹWŚvŚ‡Č,5ŚŽŹWŚvŚ‡‰Ű,5ŚŽŹWŚv’xŤŹ,5ŚŽ”NŠÔ—ÝŚvŚ‡Č,5ŚŽ”NŠÔ—ÝŚvŚ‡‰Ű,5ŚŽ”NŠÔ—ÝŚv’xŤŹ,5ŚŽ”NŠÔ—ÝŚvŚ‡ČŠ·ŽZ,6ŚŽŹWŚvŚ‡Č,6ŚŽŹWŚvŚ‡‰Ű,6ŚŽŹWŚv’xŤŹ,6ŚŽ”NŠÔ—ÝŚvŚ‡Č,6ŚŽ”NŠÔ—ÝŚvŚ‡‰Ű,6ŚŽ”NŠÔ—ÝŚv’xŤŹ,6ŚŽ”NŠÔ—ÝŚvŚ‡ČŠ·ŽZ,7ŚŽŹWŚvŚ‡Č,7ŚŽŹWŚvŚ‡‰Ű,7ŚŽŹWŚv’xŤŹ,7ŚŽ”NŠÔ—ÝŚvŚ‡Č,7ŚŽ”NŠÔ—ÝŚvŚ‡‰Ű,7ŚŽ”NŠÔ—ÝŚv’xŤŹ,7ŚŽ”NŠÔ—ÝŚvŚ‡ČŠ·ŽZ,9ŚŽŹWŚvŚ‡Č,9ŚŽŹWŚvŚ‡‰Ű,9ŚŽŹWŚv’xŤŹ,9ŚŽ”NŠÔ—ÝŚvŚ‡Č,9ŚŽ”NŠÔ—ÝŚvŚ‡‰Ű,9ŚŽ”NŠÔ—ÝŚv’xŤŹ,9ŚŽ”NŠÔ—ÝŚvŚ‡ČŠ·ŽZ,10ŚŽŹWŚvŚ‡Č,10ŚŽŹWŚvŚ‡‰Ű,10ŚŽŹWŚv’xŤŹ,10ŚŽ”NŠÔ—ÝŚvŚ‡Č,10ŚŽ”NŠÔ—ÝŚvŚ‡‰Ű,10ŚŽ”NŠÔ—ÝŚv’xŤŹ,10ŚŽ”NŠÔ—ÝŚvŚ‡ČŠ·ŽZ,11ŚŽŹWŚvŚ‡Č,11ŚŽŹWŚvŚ‡‰Ű,11ŚŽŹWŚv’xŤŹ,11ŚŽ”NŠÔ—ÝŚvŚ‡Č,11ŚŽ”NŠÔ—ÝŚvŚ‡‰Ű,11ŚŽ”NŠÔ—ÝŚv’xŤŹ,11ŚŽ”NŠÔ—ÝŚvŚ‡ČŠ·ŽZ
1,,,,,,,,0,,,,,,,0,,2,,,2,,0.33,,,,,2,,0.33,,,,,2,,0.33,,,1,,2,1,0.42,,,,,,,0.75
2,,,,,,,,0,1,,,1,,,1,2,,,3,,,3,3,1,,6,1,,6.17,2,2,1,8,3,1,8.58,2,2,,10,5,1,10.92,,,,,,,13.25
3,,,,,,,,0,,,,,,,0,,,1,,,1,0.08,,,,,,1,0.08,,,,,,1,0.08,,,,,,1,0.08,,,,,,,0.08
4,,1,,,1,,,1,,,,1,,,1,,,,1,,,1,,,,1,,,1,1,,1,2,,1,2.08,,3,1,2,3,2,2.67,,,,,,,3.67
5,,,,,,,,0,,1,,,1,,0.17,,,,,1,,0.17,,,1,,1,1,0.25,,,,,1,1,0.25,,,1,,1,2,0.33,,,,,,,1.33
6,,,,,,,,0,,,,,,,0,,,,,,,0,,,,,,,0,,,,,,,0,1,,,1,,,1,,,,,,,1
8,,,,1,,,1,0.08,,,1,,,2,0.17,1,2,,1,2,2,1.5,,,,1,2,2,1.5,1,,,2,2,2,2.5,,1,2,2,3,4,2.83,,,,,,,3.83
9,,1,,,1,,,1,2,,,3,,,3,,6,1,3,6,1,4.08,1,4,,4,10,1,5.75,,2,,4,12,1,6.08,3,6,,7,18,1,10.08,,,,,,,12.5
10,,,,,,,,0,,,,,,,0,,,,,,,0,,,,,,,0,,,,,,,0,,,,,,,0,,,,,,,0.5
11,,,,,,,,0,1,2,2,1,2,2,1.5,3,3,,4,5,2,5,3,,,7,5,2,8,1,,,8,5,2,9,3,12,,11,17,2,14,,,,,,,15.08
12,,,,,,,,0,,,,,,,0,,,,,,,0,,,,,,,0,,4,,,4,,0.67,1,,,1,4,,1.67,,,,,,,2
13,,,,,,,,0,,,,,,,0,,,,,,,0,,,,,,,0,,,,,,,0,,5,1,,5,1,0.92,,,,,,,0.92
14,,2,,,2,,,2,3,20,,5,20,,8.33,2,12,2,7,32,2,12.5,1,1,2,8,33,4,13.83,6,1,,14,34,4,20,2,3,,16,37,4,22.5,,,,,,,24.67
15,,,,1,,,1,0.08,,,1,,,2,0.17,1,,1,1,,3,1.25,1,,,2,,3,2.25,,,1,2,,4,2.33,,,1,2,,5,2.42,,,,,,,2.42
16,,,,,,,,0,,,,,,,0,,,,,,,0,,,,,,,0,,,,,,,0,,,,,,,0,,,,,,,0
17,,,,,,,,0,,,,,,,0,,,,,,,0,,,,,,,0,,,,,,,0,,,,,,,0,,,,,,,0
18,,,,,,,,0,1,,,1,,,1,,,,1,,,1,1,,,2,,,2,1,,,3,,,3,1,,,4,,,4,,,,,,,5
19,,,,,,,,0,2,2,,2,2,,2.33,,,1,2,2,1,2.42,1,7,2,3,9,3,4.75,,4,,3,13,3,5.42,3,3,,6,16,3,8.92,,,,,,,10.42
20,,,,,,,,0,3,,,3,,,3,5,,,8,,,8,4,,,12,,,12,2,1,,14,1,,14.17,3,2,1,17,3,1,17.58,,,,,,,18.58
21,,3,,,3,,,3,4,2,,7,2,,7.33,5,12,,12,14,,14.33,2,5,,14,19,,17.17,4,,,18,19,,21.17,5,4,,23,23,,26.83,,,,,,,31.17
22,,,,,,,,0,,,,,,,0,,1,,,1,,0.17,,6,,,7,,1.17,1,2,,1,9,,2.5,2,7,6,3,16,6,6.17,,,,,,,10.17
23,,1,2,,1,2,,1.33,4,23,,5,25,,9.17,5,9,,10,34,,15.67,,17,1,10,51,1,18.58,,5,1,10,56,2,19.5,6,4,1,16,60,3,26.25,,,,,,,28.33
24,,,,1,,,1,0.08,1,3,2,1,3,3,1.75,2,3,2,3,6,5,4.42,,4,1,3,10,6,5.17,1,4,1,4,14,7,6.92,3,3,1,7,17,8,10.5,,,,,,,14.42
25,,,,,,,,0,,,,,,,0,,,,,,,0,,2,1,,2,1,0.42,,,,,2,1,0.42,,,,,2,1,0.42,,,,,,,0.42
26,,,,,,,,0,,,,,,,0,,,,,,,0,,,,,,,0,,,,,,,0,,,,,,,0,,,,,,,0
27,,1,,,1,,,1,,,,1,,,1,,,,1,,,1,,,,1,,,1,,,,1,,,1,3,4,,4,4,,4.67,,,,,,,4.67
28,,,,,,,,0,,,,,,,0,,,,,,,0,,,,,,,0,,,,,,,0,,,,,,,0,,,,,,,0
29,,10,6,,10,6,,11,17,,,27,6,,28,2,3,2,29,9,2,30.67,1,1,,30,10,2,31.83,,,,30,10,2,31.83,,,,30,10,2,31.83,,,,,,,31.83
30,,1,,1,1,,1,1.08,1,8,1,2,8,2,3.5,3,2,1,5,10,3,6.92,2,1,,7,11,3,9.08,2,,,9,11,3,11.08,2,4,,11,15,3,13.75,,,,,,,15
31,,,,,,,,0,,,,,,,0,,,,,,,0,,,,,,,0,,,,,,,0,,,1,,,1,0.08,,,,,,,0.08
32,,,,,,,,0,,,,,,,0,,,,,,,0,,,1,,,1,0.08,,,,,,1,0.08,,1,,,1,1,0.25,,,,,,,0.25
33,,1,4,3,1,4,3,1.92,3,7,,4,11,3,6.08,1,14,3,5,25,6,9.67,1,11,3,6,36,9,12.75,,7,1,6,43,10,14,1,10,1,7,53,11,16.75,,,,,,,17.75
34,,,,,,,,0,,,,,,,0,,,,,,,0,,1,,,1,,0.17,,,,,1,,0.17,1,,,1,1,,1.17,,,,,,,2.17
35,,1,,,1,,,1,,,,1,,,1,,,,1,,,1,11,1,,12,1,,12.17,1,,,13,1,,13.17,8,,,21,1,,21.17,,,,,,,21.17
36,,,,,,,,0,1,,,1,,,1,1,,1,2,,1,2.08,1,4,,3,4,1,3.75,1,,,4,4,1,4.75,1,4,1,5,8,2,6.5,,,,,,,7.5
37,,1,,1,1,,1,1.08,1,1,2,2,1,3,2.42,1,1,2,3,2,5,3.75,3,1,3,6,3,8,7.17,1,1,2,7,4,10,8.5,4,5,2,11,9,12,13.5,,,,,,,16.25
38,,,7,,,7,,1.17,2,10,2,2,17,2,5,2,7,3,4,24,5,8.42,,19,3,4,43,8,11.83,2,18,1,6,61,9,16.92,5,13,,11,74,9,24.08,,,,,,,25.5
39,,,,1,,,1,0.08,1,3,,1,3,1,1.58,4,5,2,5,8,3,6.58,16,,,21,8,3,22.58,,,,21,8,3,22.58,,,1,21,8,4,22.67,,,,,,,24.75
40,,,,,,,,0,8,,,8,,,8,5,,,13,,,13,5,,,18,,,18,2,,,20,,,20,6,,,26,,,26,,,,,,,29
41,,,,,,,,0,,,,,,,0,,,,,,,0,,,,,,,0,,,,,,,0,,,,,,,0,,,,,,,0.08
42,,,,,,,,0,,,,,,,0,,,,,,,0,,,,,,,0,,,,,,,0,,,,,,,0,,,,,,,1
43,,,,,,,,0,,,,,,,0,,2,,,2,,0.33,1,,,1,2,,1.33,,,,1,2,,1.33,1,,,2,2,,2.33,,,,,,,3.42
44,,,,,,,,0,,,,,,,0,,,,,,,0,,,,,,,0,,,,,,,0,,,,,,,0,,,,,,,0
45,,,,,,,,0,,,,,,,0,,,,,,,0,,,,,,,0,,,,,,,0,,,,,,,0,,,,,,,0
46,,,,,,,,0,,,,,,,0,,,,,,,0,,,,,,,0,,,,,,,0,,,,,,,0,,,,,,,0
47,,,2,,,2,,0.33,1,4,,1,6,,2,1,4,,2,10,,3.67,,6,1,2,16,1,4.75,2,3,,4,19,1,7.25,2,13,,6,32,1,11.42,,,,,,,12.67
48,,5,,,5,,,5,1,,,6,,,6,6,1,3,12,1,3,12.42,4,,,16,1,3,16.42,4,,,20,1,3,20.42,1,13,2,21,14,5,23.75,,,,,,,28.67
49,,,,,,,,0,,,,,,,0,,,,,,,0,,,,,,,0,,,,,,,0,,,,,,,0,,,,,,,0
50,,6,,,6,,,6,9,,,15,,,15,5,3,1,20,3,1,20.58,5,3,,25,6,1,26.08,3,1,,28,7,1,29.25,2,,,30,7,1,31.25,,,,,,,31.25
51,,,,,,,,0,,,,,,,0,,,,,,,0,,,,,,,0,,,,,,,0,1,,,1,,,1,,,,,,,1
52,,,,,,,,0,,,,,,,0,,,,,,,0,,1,,,1,,0.17,,,,,1,,0.17,,4,,,5,,0.83,,,,,,,1.5
53,,,,,,,,0,,,,,,,0,,,,,,,0,,,,,,,0,,,,,,,0,,,1,,,1,0.08,,,,,,,0.08
54,,,,,,,,0,,,,,,,0,,,,,,,0,,,,,,,0,,1,,,1,,0.17,,,1,,1,1,0.25,,,,,,,0.58
55,,2,2,1,2,2,1,2.42,2,,,4,2,1,4.42,1,,,5,2,1,5.42,2,,,7,2,1,7.42,,,,7,2,1,7.42,1,4,,8,6,1,9.08,,,,,,,11.08
56,,,,,,,,0,,,,,,,0,,,,,,,0,,,,,,,0,,,,,,,0,,,,,,,0,,,,,,,0
57,,,2,5,,2,5,0.75,2,4,1,2,6,6,3.5,,,3,2,6,9,3.75,1,3,4,3,9,13,5.58,1,2,2,4,11,15,7.08,,15,3,4,26,18,9.83,,,,,,,12.58
58,,,4,,,4,,0.67,,,,,4,,0.67,1,,,1,4,,1.67,2,,,3,4,,3.67,,,,3,4,,3.67,,,,3,4,,3.67,,,,,,,4.67
59,,4,15,,4,15,,6.5,8,5,,12,20,,15.33,5,,3,17,20,3,20.58,1,5,3,18,25,6,22.67,2,,,20,25,6,24.67,1,8,3,21,33,9,27.25,,,,,,,27.67
